{
  "project_info": {
    "project_number": "694984005227",
    "firebase_url": "https://rmaprojekat-c818a.firebaseio.com",
    "project_id": "rmaprojekat-c818a",
    "storage_bucket": "rmaprojekat-c818a.appspot.com"
  },
  "client": [
    {
      "client_info": {
        "mobilesdk_app_id": "1:694984005227:android:f76f3c4d7615d37b",
        "android_client_info": {
          "package_name": "ba.unsa.etf.rma"
        }
      },
      "oauth_client": [
        {
          "client_id": "694984005227-1mt24u5fqauo8ii2pd2pbafb4c45vbvn.apps.googleusercontent.com",
          "client_type": 3
        }
      ],
      "api_key": [
        {
          "current_key": "AIzaSyDco5iP3b6zrnjZqr6UfD5EZ-hMvIhv7fM"
        }
      ],
      "services": {
        "appinvite_service": {
          "other_platform_oauth_client": [
            {
              "client_id": "694984005227-1mt24u5fqauo8ii2pd2pbafb4c45vbvn.apps.googleusercontent.com",
              "client_type": 3
            }
          ]
        }
      }
    }
  ],
  "configuration_version": "1"
}